ID,SYEAR,EYEAR,LON,LAT,DIR
AR-SLu,2003,2019,-66.4598,-33.4648,/Volumes/work/Reference/Station/Water/Evapotranspiration/Xu_et_al2025/dataset/AR-SLu_2003_2019.nc
AR-Vir,2003,2019,-56.1886,-28.2395,/Volumes/work/Reference/Station/Water/Evapotranspiration/Xu_et_al2025/dataset/AR-Vir_2003_2019.nc
AT-Neu,2003,2019,11.3175,47.11667,/Volumes/work/Reference/Station/Water/Evapotranspiration/Xu_et_al2025/dataset/AT-Neu_2003_2019.nc
AU-ASM,2003,2019,133.249,-22.283,/Volumes/work/Reference/Station/Water/Evapotranspiration/Xu_et_al2025/dataset/AU-ASM_2003_2019.nc
AU-Ade,2003,2019,131.1178,-13.0769,/Volumes/work/Reference/Station/Water/Evapotranspiration/Xu_et_al2025/dataset/AU-Ade_2003_2019.nc
AU-Cpr,2003,2019,140.5891,-34.0021,/Volumes/work/Reference/Station/Water/Evapotranspiration/Xu_et_al2025/dataset/AU-Cpr_2003_2019.nc
AU-Cum,2003,2019,150.72362,-33.61518,/Volumes/work/Reference/Station/Water/Evapotranspiration/Xu_et_al2025/dataset/AU-Cum_2003_2019.nc
AU-DaP,2003,2019,131.3181,-14.0633,/Volumes/work/Reference/Station/Water/Evapotranspiration/Xu_et_al2025/dataset/AU-DaP_2003_2019.nc
AU-DaS,2003,2019,131.3881,-14.1593,/Volumes/work/Reference/Station/Water/Evapotranspiration/Xu_et_al2025/dataset/AU-DaS_2003_2019.nc
AU-Dry,2003,2019,132.3706,-15.2588,/Volumes/work/Reference/Station/Water/Evapotranspiration/Xu_et_al2025/dataset/AU-Dry_2003_2019.nc
AU-Emr,2003,2019,148.4746,-23.8587,/Volumes/work/Reference/Station/Water/Evapotranspiration/Xu_et_al2025/dataset/AU-Emr_2003_2019.nc
AU-GWW,2003,2019,120.6541,-30.1913,/Volumes/work/Reference/Station/Water/Evapotranspiration/Xu_et_al2025/dataset/AU-GWW_2003_2019.nc
AU-Gin,2003,2019,115.7138,-31.3764,/Volumes/work/Reference/Station/Water/Evapotranspiration/Xu_et_al2025/dataset/AU-Gin_2003_2019.nc
AU-How,2003,2019,131.1523,-12.4943,/Volumes/work/Reference/Station/Water/Evapotranspiration/Xu_et_al2025/dataset/AU-How_2003_2019.nc
AU-RDF,2003,2019,132.4776,-14.5636,/Volumes/work/Reference/Station/Water/Evapotranspiration/Xu_et_al2025/dataset/AU-RDF_2003_2019.nc
AU-Rig,2003,2019,145.5759,-36.6499,/Volumes/work/Reference/Station/Water/Evapotranspiration/Xu_et_al2025/dataset/AU-Rig_2003_2019.nc
AU-Stp,2003,2019,133.3502,-17.1507,/Volumes/work/Reference/Station/Water/Evapotranspiration/Xu_et_al2025/dataset/AU-Stp_2003_2019.nc
AU-TTE,2003,2019,133.64,-22.287,/Volumes/work/Reference/Station/Water/Evapotranspiration/Xu_et_al2025/dataset/AU-TTE_2003_2019.nc
AU-Tum,2003,2019,148.1517,-35.6566,/Volumes/work/Reference/Station/Water/Evapotranspiration/Xu_et_al2025/dataset/AU-Tum_2003_2019.nc
AU-Wac,2003,2019,145.1878,-37.4259,/Volumes/work/Reference/Station/Water/Evapotranspiration/Xu_et_al2025/dataset/AU-Wac_2003_2019.nc
AU-Whr,2003,2019,145.0294,-36.6732,/Volumes/work/Reference/Station/Water/Evapotranspiration/Xu_et_al2025/dataset/AU-Whr_2003_2019.nc
AU-Wom,2003,2019,144.0944,-37.4222,/Volumes/work/Reference/Station/Water/Evapotranspiration/Xu_et_al2025/dataset/AU-Wom_2003_2019.nc
AU-Ync,2003,2019,146.2907,-34.9893,/Volumes/work/Reference/Station/Water/Evapotranspiration/Xu_et_al2025/dataset/AU-Ync_2003_2019.nc
BE-Bra,2003,2019,4.51984,51.30761,/Volumes/work/Reference/Station/Water/Evapotranspiration/Xu_et_al2025/dataset/BE-Bra_2003_2019.nc
BE-Dor,2003,2019,4.968011,50.311928,/Volumes/work/Reference/Station/Water/Evapotranspiration/Xu_et_al2025/dataset/BE-Dor_2003_2019.nc
BE-Lcr,2003,2019,3.85043,51.11218,/Volumes/work/Reference/Station/Water/Evapotranspiration/Xu_et_al2025/dataset/BE-Lcr_2003_2019.nc
BE-Lon,2003,2019,4.74623,50.55162,/Volumes/work/Reference/Station/Water/Evapotranspiration/Xu_et_al2025/dataset/BE-Lon_2003_2019.nc
BE-Vie,2003,2019,5.99812,50.30493,/Volumes/work/Reference/Station/Water/Evapotranspiration/Xu_et_al2025/dataset/BE-Vie_2003_2019.nc
BR-CST,2003,2019,-38.3842,-7.9682,/Volumes/work/Reference/Station/Water/Evapotranspiration/Xu_et_al2025/dataset/BR-CST_2003_2019.nc
BR-Npw,2003,2019,-56.412,-16.498,/Volumes/work/Reference/Station/Water/Evapotranspiration/Xu_et_al2025/dataset/BR-Npw_2003_2019.nc
BW-Gum,2003,2019,22.3711,-18.9647,/Volumes/work/Reference/Station/Water/Evapotranspiration/Xu_et_al2025/dataset/BW-Gum_2003_2019.nc
BW-Nxr,2003,2019,23.17916667,-19.54805556,/Volumes/work/Reference/Station/Water/Evapotranspiration/Xu_et_al2025/dataset/BW-Nxr_2003_2019.nc
CA-ARB,2003,2019,-83.9452,52.695,/Volumes/work/Reference/Station/Water/Evapotranspiration/Xu_et_al2025/dataset/CA-ARB_2003_2019.nc
CA-ARF,2003,2019,-83.955,52.7008,/Volumes/work/Reference/Station/Water/Evapotranspiration/Xu_et_al2025/dataset/CA-ARF_2003_2019.nc
CA-CF1,2003,2019,-93.83,58.6658,/Volumes/work/Reference/Station/Water/Evapotranspiration/Xu_et_al2025/dataset/CA-CF1_2003_2019.nc
CA-CF2,2003,2019,-93.83,58.6658,/Volumes/work/Reference/Station/Water/Evapotranspiration/Xu_et_al2025/dataset/CA-CF2_2003_2019.nc
CA-Ca1,2003,2019,-125.3336,49.8673,/Volumes/work/Reference/Station/Water/Evapotranspiration/Xu_et_al2025/dataset/CA-Ca1_2003_2019.nc
CA-Ca2,2003,2019,-125.2909,49.8705,/Volumes/work/Reference/Station/Water/Evapotranspiration/Xu_et_al2025/dataset/CA-Ca2_2003_2019.nc
CA-Cbo,2003,2019,-79.9333,44.3167,/Volumes/work/Reference/Station/Water/Evapotranspiration/Xu_et_al2025/dataset/CA-Cbo_2003_2019.nc
CA-Cha,2003,2019,-67.3569,45.8847,/Volumes/work/Reference/Station/Water/Evapotranspiration/Xu_et_al2025/dataset/CA-Cha_2003_2019.nc
CA-DBB,2003,2019,-122.9849,49.1293,/Volumes/work/Reference/Station/Water/Evapotranspiration/Xu_et_al2025/dataset/CA-DBB_2003_2019.nc
CA-ER1,2003,2019,-80.4123,43.6405,/Volumes/work/Reference/Station/Water/Evapotranspiration/Xu_et_al2025/dataset/CA-ER1_2003_2019.nc
CA-Gro,2003,2019,-82.1556,48.2167,/Volumes/work/Reference/Station/Water/Evapotranspiration/Xu_et_al2025/dataset/CA-Gro_2003_2019.nc
CA-HPC,2003,2019,-133.5188,68.3203,/Volumes/work/Reference/Station/Water/Evapotranspiration/Xu_et_al2025/dataset/CA-HPC_2003_2019.nc
CA-LP1,2003,2019,-122.8414,55.1119,/Volumes/work/Reference/Station/Water/Evapotranspiration/Xu_et_al2025/dataset/CA-LP1_2003_2019.nc
CA-Let,2003,2019,-112.9402,49.7093,/Volumes/work/Reference/Station/Water/Evapotranspiration/Xu_et_al2025/dataset/CA-Let_2003_2019.nc
CA-MA1,2003,2019,-97.8762,50.1645,/Volumes/work/Reference/Station/Water/Evapotranspiration/Xu_et_al2025/dataset/CA-MA1_2003_2019.nc
CA-MA2,2003,2019,-97.8762,50.171,/Volumes/work/Reference/Station/Water/Evapotranspiration/Xu_et_al2025/dataset/CA-MA2_2003_2019.nc
CA-MA3,2003,2019,-97.8686,50.1774,/Volumes/work/Reference/Station/Water/Evapotranspiration/Xu_et_al2025/dataset/CA-MA3_2003_2019.nc
CA-Man,2003,2019,-98.48081,55.87962,/Volumes/work/Reference/Station/Water/Evapotranspiration/Xu_et_al2025/dataset/CA-Man_2003_2019.nc
CA-NS1,2003,2019,-98.48389,55.87917,/Volumes/work/Reference/Station/Water/Evapotranspiration/Xu_et_al2025/dataset/CA-NS1_2003_2019.nc
CA-NS2,2003,2019,-98.52472,55.90583,/Volumes/work/Reference/Station/Water/Evapotranspiration/Xu_et_al2025/dataset/CA-NS2_2003_2019.nc
CA-NS3,2003,2019,-98.38222,55.91167,/Volumes/work/Reference/Station/Water/Evapotranspiration/Xu_et_al2025/dataset/CA-NS3_2003_2019.nc
CA-NS4,2003,2019,-98.380645,55.91437,/Volumes/work/Reference/Station/Water/Evapotranspiration/Xu_et_al2025/dataset/CA-NS4_2003_2019.nc
CA-NS5,2003,2019,-98.485,55.86306,/Volumes/work/Reference/Station/Water/Evapotranspiration/Xu_et_al2025/dataset/CA-NS5_2003_2019.nc
CA-NS6,2003,2019,-98.96444,55.91667,/Volumes/work/Reference/Station/Water/Evapotranspiration/Xu_et_al2025/dataset/CA-NS6_2003_2019.nc
CA-NS7,2003,2019,-99.94833,56.63583,/Volumes/work/Reference/Station/Water/Evapotranspiration/Xu_et_al2025/dataset/CA-NS7_2003_2019.nc
CA-NS8,2003,2019,-98.2161,55.8981,/Volumes/work/Reference/Station/Water/Evapotranspiration/Xu_et_al2025/dataset/CA-NS8_2003_2019.nc
CA-Na1,2003,2019,-67.1,46.4722,/Volumes/work/Reference/Station/Water/Evapotranspiration/Xu_et_al2025/dataset/CA-Na1_2003_2019.nc
CA-Oas,2003,2019,-106.19779,53.62889,/Volumes/work/Reference/Station/Water/Evapotranspiration/Xu_et_al2025/dataset/CA-Oas_2003_2019.nc
CA-Obs,2003,2019,-105.11779,53.98717,/Volumes/work/Reference/Station/Water/Evapotranspiration/Xu_et_al2025/dataset/CA-Obs_2003_2019.nc
CA-Ojp,2003,2019,-104.692,53.9163,/Volumes/work/Reference/Station/Water/Evapotranspiration/Xu_et_al2025/dataset/CA-Ojp_2003_2019.nc
CA-Qcu,2003,2019,-74.0365,49.2671,/Volumes/work/Reference/Station/Water/Evapotranspiration/Xu_et_al2025/dataset/CA-Qcu_2003_2019.nc
CA-SCB,2003,2019,-121.2984,61.3089,/Volumes/work/Reference/Station/Water/Evapotranspiration/Xu_et_al2025/dataset/CA-SCB_2003_2019.nc
CA-SCC,2003,2019,-121.2992,61.3079,/Volumes/work/Reference/Station/Water/Evapotranspiration/Xu_et_al2025/dataset/CA-SCC_2003_2019.nc
CA-SF1,2003,2019,-105.81757,54.48503,/Volumes/work/Reference/Station/Water/Evapotranspiration/Xu_et_al2025/dataset/CA-SF1_2003_2019.nc
CA-SF2,2003,2019,-105.8775,54.25392,/Volumes/work/Reference/Station/Water/Evapotranspiration/Xu_et_al2025/dataset/CA-SF2_2003_2019.nc
CA-SJ2,2003,2019,-104.649,53.945,/Volumes/work/Reference/Station/Water/Evapotranspiration/Xu_et_al2025/dataset/CA-SJ2_2003_2019.nc
CA-SJ3,2003,2019,-104.6453,53.8758,/Volumes/work/Reference/Station/Water/Evapotranspiration/Xu_et_al2025/dataset/CA-SJ3_2003_2019.nc
CA-SMC,2003,2019,-123.2522,63.1534,/Volumes/work/Reference/Station/Water/Evapotranspiration/Xu_et_al2025/dataset/CA-SMC_2003_2019.nc
CA-TP2,2003,2019,-80.458775,42.77441944,/Volumes/work/Reference/Station/Water/Evapotranspiration/Xu_et_al2025/dataset/CA-TP2_2003_2019.nc
CA-TVC,2003,2019,-133.5017,68.7462,/Volumes/work/Reference/Station/Water/Evapotranspiration/Xu_et_al2025/dataset/CA-TVC_2003_2019.nc
CA-WP1,2003,2019,-112.467,54.9538,/Volumes/work/Reference/Station/Water/Evapotranspiration/Xu_et_al2025/dataset/CA-WP1_2003_2019.nc
CA-WP2,2003,2019,-112.3343,55.5375,/Volumes/work/Reference/Station/Water/Evapotranspiration/Xu_et_al2025/dataset/CA-WP2_2003_2019.nc
CA-WP3,2003,2019,-113.32,54.47,/Volumes/work/Reference/Station/Water/Evapotranspiration/Xu_et_al2025/dataset/CA-WP3_2003_2019.nc
CH-Aws,2003,2019,9.790417,46.583194,/Volumes/work/Reference/Station/Water/Evapotranspiration/Xu_et_al2025/dataset/CH-Aws_2003_2019.nc
CH-Cha,2003,2019,8.41044,47.21022,/Volumes/work/Reference/Station/Water/Evapotranspiration/Xu_et_al2025/dataset/CH-Cha_2003_2019.nc
CH-Dav,2003,2019,9.85591,46.81533,/Volumes/work/Reference/Station/Water/Evapotranspiration/Xu_et_al2025/dataset/CH-Dav_2003_2019.nc
CH-Fru,2003,2019,8.53778,47.11583,/Volumes/work/Reference/Station/Water/Evapotranspiration/Xu_et_al2025/dataset/CH-Fru_2003_2019.nc
CH-Lae,2003,2019,8.36439,47.47833,/Volumes/work/Reference/Station/Water/Evapotranspiration/Xu_et_al2025/dataset/CH-Lae_2003_2019.nc
CH-Oe1,2003,2019,7.73194,47.28583,/Volumes/work/Reference/Station/Water/Evapotranspiration/Xu_et_al2025/dataset/CH-Oe1_2003_2019.nc
CH-Oe2,2003,2019,7.73375,47.28642,/Volumes/work/Reference/Station/Water/Evapotranspiration/Xu_et_al2025/dataset/CH-Oe2_2003_2019.nc
CN-Cha,2003,2019,128.0958,42.4025,/Volumes/work/Reference/Station/Water/Evapotranspiration/Xu_et_al2025/dataset/CN-Cha_2003_2019.nc
CN-Cng,2003,2019,123.5092,44.5934,/Volumes/work/Reference/Station/Water/Evapotranspiration/Xu_et_al2025/dataset/CN-Cng_2003_2019.nc
CN-Dan,2003,2019,91.0664,30.4978,/Volumes/work/Reference/Station/Water/Evapotranspiration/Xu_et_al2025/dataset/CN-Dan_2003_2019.nc
CN-Din,2003,2019,112.5361,23.1733,/Volumes/work/Reference/Station/Water/Evapotranspiration/Xu_et_al2025/dataset/CN-Din_2003_2019.nc
CN-Du2,2003,2019,116.2836,42.0467,/Volumes/work/Reference/Station/Water/Evapotranspiration/Xu_et_al2025/dataset/CN-Du2_2003_2019.nc
CN-Ha2,2003,2019,101.3269,37.6086,/Volumes/work/Reference/Station/Water/Evapotranspiration/Xu_et_al2025/dataset/CN-Ha2_2003_2019.nc
CN-HaM,2003,2019,101.18,37.37,/Volumes/work/Reference/Station/Water/Evapotranspiration/Xu_et_al2025/dataset/CN-HaM_2003_2019.nc
CN-Hgu,2003,2019,102.59,32.845278,/Volumes/work/Reference/Station/Water/Evapotranspiration/Xu_et_al2025/dataset/CN-Hgu_2003_2019.nc
CN-Qia,2003,2019,115.0581,26.7414,/Volumes/work/Reference/Station/Water/Evapotranspiration/Xu_et_al2025/dataset/CN-Qia_2003_2019.nc
CN-Sw2,2003,2019,111.8971,41.7902,/Volumes/work/Reference/Station/Water/Evapotranspiration/Xu_et_al2025/dataset/CN-Sw2_2003_2019.nc
CZ-BK1,2003,2019,18.53688,49.50208,/Volumes/work/Reference/Station/Water/Evapotranspiration/Xu_et_al2025/dataset/CZ-BK1_2003_2019.nc
CZ-BK2,2003,2019,18.54285,49.49443,/Volumes/work/Reference/Station/Water/Evapotranspiration/Xu_et_al2025/dataset/CZ-BK2_2003_2019.nc
CZ-wet,2003,2019,14.77035,49.02465,/Volumes/work/Reference/Station/Water/Evapotranspiration/Xu_et_al2025/dataset/CZ-wet_2003_2019.nc
DE-Akm,2003,2019,13.68342,53.86617,/Volumes/work/Reference/Station/Water/Evapotranspiration/Xu_et_al2025/dataset/DE-Akm_2003_2019.nc
DE-Geb,2003,2019,10.91463,51.09973,/Volumes/work/Reference/Station/Water/Evapotranspiration/Xu_et_al2025/dataset/DE-Geb_2003_2019.nc
DE-Gri,2003,2019,13.51256,50.949755,/Volumes/work/Reference/Station/Water/Evapotranspiration/Xu_et_al2025/dataset/DE-Gri_2003_2019.nc
DE-Hai,2003,2019,10.45217,51.07921,/Volumes/work/Reference/Station/Water/Evapotranspiration/Xu_et_al2025/dataset/DE-Hai_2003_2019.nc
DE-HoH,2003,2019,11.22235,52.08656,/Volumes/work/Reference/Station/Water/Evapotranspiration/Xu_et_al2025/dataset/DE-HoH_2003_2019.nc
DE-Hte,2003,2019,12.176111,54.210278,/Volumes/work/Reference/Station/Water/Evapotranspiration/Xu_et_al2025/dataset/DE-Hte_2003_2019.nc
DE-Kli,2003,2019,13.52238,50.89306,/Volumes/work/Reference/Station/Water/Evapotranspiration/Xu_et_al2025/dataset/DE-Kli_2003_2019.nc
DE-Lkb,2003,2019,13.30467,49.09962,/Volumes/work/Reference/Station/Water/Evapotranspiration/Xu_et_al2025/dataset/DE-Lkb_2003_2019.nc
DE-Lnf,2003,2019,10.3678,51.32822,/Volumes/work/Reference/Station/Water/Evapotranspiration/Xu_et_al2025/dataset/DE-Lnf_2003_2019.nc
DE-Obe,2003,2019,13.72129,50.78666,/Volumes/work/Reference/Station/Water/Evapotranspiration/Xu_et_al2025/dataset/DE-Obe_2003_2019.nc
DE-RuR,2003,2019,6.30413,50.62191,/Volumes/work/Reference/Station/Water/Evapotranspiration/Xu_et_al2025/dataset/DE-RuR_2003_2019.nc
DE-RuS,2003,2019,6.447215,50.8658525,/Volumes/work/Reference/Station/Water/Evapotranspiration/Xu_et_al2025/dataset/DE-RuS_2003_2019.nc
DE-Seh,2003,2019,6.44965,50.87062,/Volumes/work/Reference/Station/Water/Evapotranspiration/Xu_et_al2025/dataset/DE-Seh_2003_2019.nc
DE-SfN,2003,2019,11.3275,47.80639,/Volumes/work/Reference/Station/Water/Evapotranspiration/Xu_et_al2025/dataset/DE-SfN_2003_2019.nc
DE-Spw,2003,2019,14.03369,51.89225,/Volumes/work/Reference/Station/Water/Evapotranspiration/Xu_et_al2025/dataset/DE-Spw_2003_2019.nc
DE-Tha,2003,2019,13.56515,50.96256,/Volumes/work/Reference/Station/Water/Evapotranspiration/Xu_et_al2025/dataset/DE-Tha_2003_2019.nc
DE-Zrk,2003,2019,12.88901,53.87594,/Volumes/work/Reference/Station/Water/Evapotranspiration/Xu_et_al2025/dataset/DE-Zrk_2003_2019.nc
DK-Eng,2003,2019,12.19175,55.69053,/Volumes/work/Reference/Station/Water/Evapotranspiration/Xu_et_al2025/dataset/DK-Eng_2003_2019.nc
DK-Sor,2003,2019,11.64464,55.48587,/Volumes/work/Reference/Station/Water/Evapotranspiration/Xu_et_al2025/dataset/DK-Sor_2003_2019.nc
ES-Abr,2003,2019,-6.785881,38.701839,/Volumes/work/Reference/Station/Water/Evapotranspiration/Xu_et_al2025/dataset/ES-Abr_2003_2019.nc
ES-LJu,2003,2019,-2.75212,36.92659,/Volumes/work/Reference/Station/Water/Evapotranspiration/Xu_et_al2025/dataset/ES-LJu_2003_2019.nc
ES-LM1,2003,2019,-5.778683,39.94269,/Volumes/work/Reference/Station/Water/Evapotranspiration/Xu_et_al2025/dataset/ES-LM1_2003_2019.nc
ES-LM2,2003,2019,-5.775881,39.934592,/Volumes/work/Reference/Station/Water/Evapotranspiration/Xu_et_al2025/dataset/ES-LM2_2003_2019.nc
ES-LgS,2003,2019,-2.96583,37.09794,/Volumes/work/Reference/Station/Water/Evapotranspiration/Xu_et_al2025/dataset/ES-LgS_2003_2019.nc
FI-Hyy,2003,2019,24.29477,61.84741,/Volumes/work/Reference/Station/Water/Evapotranspiration/Xu_et_al2025/dataset/FI-Hyy_2003_2019.nc
FI-Jok,2003,2019,23.51345,60.8986,/Volumes/work/Reference/Station/Water/Evapotranspiration/Xu_et_al2025/dataset/FI-Jok_2003_2019.nc
FI-Let,2003,2019,23.95952,60.64183,/Volumes/work/Reference/Station/Water/Evapotranspiration/Xu_et_al2025/dataset/FI-Let_2003_2019.nc
FI-Lom,2003,2019,24.20918,67.99724,/Volumes/work/Reference/Station/Water/Evapotranspiration/Xu_et_al2025/dataset/FI-Lom_2003_2019.nc
FI-Si2,2003,2019,24.1967,61.8372,/Volumes/work/Reference/Station/Water/Evapotranspiration/Xu_et_al2025/dataset/FI-Si2_2003_2019.nc
FI-Sii,2003,2019,24.19285,61.83265,/Volumes/work/Reference/Station/Water/Evapotranspiration/Xu_et_al2025/dataset/FI-Sii_2003_2019.nc
FI-Sod,2003,2019,26.63859,67.36239,/Volumes/work/Reference/Station/Water/Evapotranspiration/Xu_et_al2025/dataset/FI-Sod_2003_2019.nc
FI-Var,2003,2019,29.61,67.7549,/Volumes/work/Reference/Station/Water/Evapotranspiration/Xu_et_al2025/dataset/FI-Var_2003_2019.nc
FR-Aur,2003,2019,1.106103,43.549649,/Volumes/work/Reference/Station/Water/Evapotranspiration/Xu_et_al2025/dataset/FR-Aur_2003_2019.nc
FR-Bil,2003,2019,-0.956082,44.493672,/Volumes/work/Reference/Station/Water/Evapotranspiration/Xu_et_al2025/dataset/FR-Bil_2003_2019.nc
FR-EM2,2003,2019,3.02065,49.8721083,/Volumes/work/Reference/Station/Water/Evapotranspiration/Xu_et_al2025/dataset/FR-EM2_2003_2019.nc
FR-Fon,2003,2019,2.7801,48.47636,/Volumes/work/Reference/Station/Water/Evapotranspiration/Xu_et_al2025/dataset/FR-Fon_2003_2019.nc
FR-Gri,2003,2019,1.95191,48.84422,/Volumes/work/Reference/Station/Water/Evapotranspiration/Xu_et_al2025/dataset/FR-Gri_2003_2019.nc
FR-Hes,2003,2019,7.06465,48.6741,/Volumes/work/Reference/Station/Water/Evapotranspiration/Xu_et_al2025/dataset/FR-Hes_2003_2019.nc
FR-LBr,2003,2019,-0.7693,44.71711,/Volumes/work/Reference/Station/Water/Evapotranspiration/Xu_et_al2025/dataset/FR-LBr_2003_2019.nc
FR-LGt,2003,2019,2.284102,47.322917,/Volumes/work/Reference/Station/Water/Evapotranspiration/Xu_et_al2025/dataset/FR-LGt_2003_2019.nc
FR-Mej,2003,2019,-1.79635,48.1184,/Volumes/work/Reference/Station/Water/Evapotranspiration/Xu_et_al2025/dataset/FR-Mej_2003_2019.nc
FR-Pue,2003,2019,3.5957,43.7413,/Volumes/work/Reference/Station/Water/Evapotranspiration/Xu_et_al2025/dataset/FR-Pue_2003_2019.nc
GL-NuF,2003,2019,-51.38611,64.13083,/Volumes/work/Reference/Station/Water/Evapotranspiration/Xu_et_al2025/dataset/GL-NuF_2003_2019.nc
ID-Pag,2003,2019,113.9,-2.32,/Volumes/work/Reference/Station/Water/Evapotranspiration/Xu_et_al2025/dataset/ID-Pag_2003_2019.nc
IT-CA1,2003,2019,12.02656,42.38041,/Volumes/work/Reference/Station/Water/Evapotranspiration/Xu_et_al2025/dataset/IT-CA1_2003_2019.nc
IT-CA2,2003,2019,12.02604,42.37722,/Volumes/work/Reference/Station/Water/Evapotranspiration/Xu_et_al2025/dataset/IT-CA2_2003_2019.nc
IT-CA3,2003,2019,12.0222,42.38,/Volumes/work/Reference/Station/Water/Evapotranspiration/Xu_et_al2025/dataset/IT-CA3_2003_2019.nc
IT-Cas,2003,2019,8.717522222,45.07004722,/Volumes/work/Reference/Station/Water/Evapotranspiration/Xu_et_al2025/dataset/IT-Cas_2003_2019.nc
IT-Col,2003,2019,13.58814,41.84936,/Volumes/work/Reference/Station/Water/Evapotranspiration/Xu_et_al2025/dataset/IT-Col_2003_2019.nc
IT-Isp,2003,2019,8.63358,45.81264,/Volumes/work/Reference/Station/Water/Evapotranspiration/Xu_et_al2025/dataset/IT-Isp_2003_2019.nc
IT-Lav,2003,2019,11.28132,45.9562,/Volumes/work/Reference/Station/Water/Evapotranspiration/Xu_et_al2025/dataset/IT-Lav_2003_2019.nc
IT-Lsn,2003,2019,12.750297,45.740481,/Volumes/work/Reference/Station/Water/Evapotranspiration/Xu_et_al2025/dataset/IT-Lsn_2003_2019.nc
IT-PT1,2003,2019,9.06104,45.20087,/Volumes/work/Reference/Station/Water/Evapotranspiration/Xu_et_al2025/dataset/IT-PT1_2003_2019.nc
IT-Ren,2003,2019,11.43369,46.58686,/Volumes/work/Reference/Station/Water/Evapotranspiration/Xu_et_al2025/dataset/IT-Ren_2003_2019.nc
IT-Ro1,2003,2019,11.93001,42.40812,/Volumes/work/Reference/Station/Water/Evapotranspiration/Xu_et_al2025/dataset/IT-Ro1_2003_2019.nc
IT-Ro2,2003,2019,11.92093,42.39026,/Volumes/work/Reference/Station/Water/Evapotranspiration/Xu_et_al2025/dataset/IT-Ro2_2003_2019.nc
IT-SR2,2003,2019,10.29091,43.73202,/Volumes/work/Reference/Station/Water/Evapotranspiration/Xu_et_al2025/dataset/IT-SR2_2003_2019.nc
IT-SRo,2003,2019,10.28444,43.72786,/Volumes/work/Reference/Station/Water/Evapotranspiration/Xu_et_al2025/dataset/IT-SRo_2003_2019.nc
IT-Tor,2003,2019,7.57806,45.84444,/Volumes/work/Reference/Station/Water/Evapotranspiration/Xu_et_al2025/dataset/IT-Tor_2003_2019.nc
JP-BBY,2003,2019,141.8106972,43.32300556,/Volumes/work/Reference/Station/Water/Evapotranspiration/Xu_et_al2025/dataset/JP-BBY_2003_2019.nc
JP-MBF,2003,2019,142.3186,44.3869,/Volumes/work/Reference/Station/Water/Evapotranspiration/Xu_et_al2025/dataset/JP-MBF_2003_2019.nc
JP-Mse,2003,2019,140.02693,36.05393,/Volumes/work/Reference/Station/Water/Evapotranspiration/Xu_et_al2025/dataset/JP-Mse_2003_2019.nc
JP-SMF,2003,2019,137.0788,35.2617,/Volumes/work/Reference/Station/Water/Evapotranspiration/Xu_et_al2025/dataset/JP-SMF_2003_2019.nc
KR-CRK,2003,2019,127.2506,38.2013,/Volumes/work/Reference/Station/Water/Evapotranspiration/Xu_et_al2025/dataset/KR-CRK_2003_2019.nc
MX-Aog,2003,2019,-108.7892,26.9968,/Volumes/work/Reference/Station/Water/Evapotranspiration/Xu_et_al2025/dataset/MX-Aog_2003_2019.nc
MX-EMg,2003,2019,-116.6045,32.0298,/Volumes/work/Reference/Station/Water/Evapotranspiration/Xu_et_al2025/dataset/MX-EMg_2003_2019.nc
MX-Lpa,2003,2019,-110.438,24.1292,/Volumes/work/Reference/Station/Water/Evapotranspiration/Xu_et_al2025/dataset/MX-Lpa_2003_2019.nc
MX-Tes,2003,2019,-109.29885,27.8423,/Volumes/work/Reference/Station/Water/Evapotranspiration/Xu_et_al2025/dataset/MX-Tes_2003_2019.nc
MY-MLM,2003,2019,111.149492,1.453575,/Volumes/work/Reference/Station/Water/Evapotranspiration/Xu_et_al2025/dataset/MY-MLM_2003_2019.nc
MY-PSO,2003,2019,102.3062,2.973,/Volumes/work/Reference/Station/Water/Evapotranspiration/Xu_et_al2025/dataset/MY-PSO_2003_2019.nc
NL-Hor,2003,2019,5.0713,52.24035,/Volumes/work/Reference/Station/Water/Evapotranspiration/Xu_et_al2025/dataset/NL-Hor_2003_2019.nc
NL-Loo,2003,2019,5.74356,52.16658,/Volumes/work/Reference/Station/Water/Evapotranspiration/Xu_et_al2025/dataset/NL-Loo_2003_2019.nc
NZ-Kop,2003,2019,175.5539,-37.3879,/Volumes/work/Reference/Station/Water/Evapotranspiration/Xu_et_al2025/dataset/NZ-Kop_2003_2019.nc
PE-QFR,2003,2019,-73.319,-3.8344,/Volumes/work/Reference/Station/Water/Evapotranspiration/Xu_et_al2025/dataset/PE-QFR_2003_2019.nc
PH-RiF,2003,2019,121.26526,14.14119,/Volumes/work/Reference/Station/Water/Evapotranspiration/Xu_et_al2025/dataset/PH-RiF_2003_2019.nc
RU-Ch2,2003,2019,161.35089,68.61689,/Volumes/work/Reference/Station/Water/Evapotranspiration/Xu_et_al2025/dataset/RU-Ch2_2003_2019.nc
RU-Che,2003,2019,161.34143,68.61304,/Volumes/work/Reference/Station/Water/Evapotranspiration/Xu_et_al2025/dataset/RU-Che_2003_2019.nc
RU-Cok,2003,2019,147.49428,70.82914,/Volumes/work/Reference/Station/Water/Evapotranspiration/Xu_et_al2025/dataset/RU-Cok_2003_2019.nc
RU-Fy2,2003,2019,32.9019,56.4476,/Volumes/work/Reference/Station/Water/Evapotranspiration/Xu_et_al2025/dataset/RU-Fy2_2003_2019.nc
RU-Fyo,2003,2019,32.92208,56.46153,/Volumes/work/Reference/Station/Water/Evapotranspiration/Xu_et_al2025/dataset/RU-Fyo_2003_2019.nc
RU-Ha1,2003,2019,90.00215,54.72517,/Volumes/work/Reference/Station/Water/Evapotranspiration/Xu_et_al2025/dataset/RU-Ha1_2003_2019.nc
SD-Dem,2003,2019,30.4783,13.2829,/Volumes/work/Reference/Station/Water/Evapotranspiration/Xu_et_al2025/dataset/SD-Dem_2003_2019.nc
SE-Deg,2003,2019,19.556539,64.182029,/Volumes/work/Reference/Station/Water/Evapotranspiration/Xu_et_al2025/dataset/SE-Deg_2003_2019.nc
SE-Htm,2003,2019,13.41897,56.09763,/Volumes/work/Reference/Station/Water/Evapotranspiration/Xu_et_al2025/dataset/SE-Htm_2003_2019.nc
SE-Nor,2003,2019,17.47950278,60.08649722,/Volumes/work/Reference/Station/Water/Evapotranspiration/Xu_et_al2025/dataset/SE-Nor_2003_2019.nc
SE-Svb,2003,2019,19.7745,64.25611,/Volumes/work/Reference/Station/Water/Evapotranspiration/Xu_et_al2025/dataset/SE-Svb_2003_2019.nc
SJ-Adv,2003,2019,15.923,78.186,/Volumes/work/Reference/Station/Water/Evapotranspiration/Xu_et_al2025/dataset/SJ-Adv_2003_2019.nc
US-A03,2003,2019,-149.8823,70.4953,/Volumes/work/Reference/Station/Water/Evapotranspiration/Xu_et_al2025/dataset/US-A03_2003_2019.nc
US-A32,2003,2019,-97.8198,36.8193,/Volumes/work/Reference/Station/Water/Evapotranspiration/Xu_et_al2025/dataset/US-A32_2003_2019.nc
US-A74,2003,2019,-97.5489,36.8085,/Volumes/work/Reference/Station/Water/Evapotranspiration/Xu_et_al2025/dataset/US-A74_2003_2019.nc
US-ADR,2003,2019,-116.6933,36.7653,/Volumes/work/Reference/Station/Water/Evapotranspiration/Xu_et_al2025/dataset/US-ADR_2003_2019.nc
US-ALQ,2003,2019,-89.6067,46.0308,/Volumes/work/Reference/Station/Water/Evapotranspiration/Xu_et_al2025/dataset/US-ALQ_2003_2019.nc
US-AR1,2003,2019,-99.42,36.4267,/Volumes/work/Reference/Station/Water/Evapotranspiration/Xu_et_al2025/dataset/US-AR1_2003_2019.nc
US-AR2,2003,2019,-99.5975,36.6358,/Volumes/work/Reference/Station/Water/Evapotranspiration/Xu_et_al2025/dataset/US-AR2_2003_2019.nc
US-ARb,2003,2019,-98.0402,35.5497,/Volumes/work/Reference/Station/Water/Evapotranspiration/Xu_et_al2025/dataset/US-ARb_2003_2019.nc
US-ARc,2003,2019,-98.04,35.54649,/Volumes/work/Reference/Station/Water/Evapotranspiration/Xu_et_al2025/dataset/US-ARc_2003_2019.nc
US-ASH,2003,2019,-120.201,36.1697,/Volumes/work/Reference/Station/Water/Evapotranspiration/Xu_et_al2025/dataset/US-ASH_2003_2019.nc
US-ASL,2003,2019,-120.1024,36.9466,/Volumes/work/Reference/Station/Water/Evapotranspiration/Xu_et_al2025/dataset/US-ASL_2003_2019.nc
US-ASM,2003,2019,-120.2026,36.1777,/Volumes/work/Reference/Station/Water/Evapotranspiration/Xu_et_al2025/dataset/US-ASM_2003_2019.nc
US-An1,2003,2019,-150.28,68.99,/Volumes/work/Reference/Station/Water/Evapotranspiration/Xu_et_al2025/dataset/US-An1_2003_2019.nc
US-An2,2003,2019,-150.21,68.95,/Volumes/work/Reference/Station/Water/Evapotranspiration/Xu_et_al2025/dataset/US-An2_2003_2019.nc
US-An3,2003,2019,-150.27,68.93,/Volumes/work/Reference/Station/Water/Evapotranspiration/Xu_et_al2025/dataset/US-An3_2003_2019.nc
US-Atq,2003,2019,-157.4089,70.4696,/Volumes/work/Reference/Station/Water/Evapotranspiration/Xu_et_al2025/dataset/US-Atq_2003_2019.nc
US-Aud,2003,2019,-110.5104,31.5907,/Volumes/work/Reference/Station/Water/Evapotranspiration/Xu_et_al2025/dataset/US-Aud_2003_2019.nc
US-BMM,2003,2019,-110.7776,45.783,/Volumes/work/Reference/Station/Water/Evapotranspiration/Xu_et_al2025/dataset/US-BMM_2003_2019.nc
US-BZB,2003,2019,-148.3208,64.6955,/Volumes/work/Reference/Station/Water/Evapotranspiration/Xu_et_al2025/dataset/US-BZB_2003_2019.nc
US-BZF,2003,2019,-148.3133,64.7037,/Volumes/work/Reference/Station/Water/Evapotranspiration/Xu_et_al2025/dataset/US-BZF_2003_2019.nc
US-BZS,2003,2019,-148.3235,64.6963,/Volumes/work/Reference/Station/Water/Evapotranspiration/Xu_et_al2025/dataset/US-BZS_2003_2019.nc
US-Bi1,2003,2019,-121.4993,38.0992,/Volumes/work/Reference/Station/Water/Evapotranspiration/Xu_et_al2025/dataset/US-Bi1_2003_2019.nc
US-Bi2,2003,2019,-121.5351,38.1091,/Volumes/work/Reference/Station/Water/Evapotranspiration/Xu_et_al2025/dataset/US-Bi2_2003_2019.nc
US-Bkg,2003,2019,-96.8362,44.3453,/Volumes/work/Reference/Station/Water/Evapotranspiration/Xu_et_al2025/dataset/US-Bkg_2003_2019.nc
US-Blk,2003,2019,-103.65,44.158,/Volumes/work/Reference/Station/Water/Evapotranspiration/Xu_et_al2025/dataset/US-Blk_2003_2019.nc
US-Blo,2003,2019,-120.6328,38.8953,/Volumes/work/Reference/Station/Water/Evapotranspiration/Xu_et_al2025/dataset/US-Blo_2003_2019.nc
US-Bn1,2003,2019,-145.3782,63.9198,/Volumes/work/Reference/Station/Water/Evapotranspiration/Xu_et_al2025/dataset/US-Bn1_2003_2019.nc
US-Bn2,2003,2019,-145.3782,63.9198,/Volumes/work/Reference/Station/Water/Evapotranspiration/Xu_et_al2025/dataset/US-Bn2_2003_2019.nc
US-Bn3,2003,2019,-145.7442,63.9227,/Volumes/work/Reference/Station/Water/Evapotranspiration/Xu_et_al2025/dataset/US-Bn3_2003_2019.nc
US-Bo1,2003,2019,-88.2904,40.0062,/Volumes/work/Reference/Station/Water/Evapotranspiration/Xu_et_al2025/dataset/US-Bo1_2003_2019.nc
US-Bo2,2003,2019,-88.29,40.009,/Volumes/work/Reference/Station/Water/Evapotranspiration/Xu_et_al2025/dataset/US-Bo2_2003_2019.nc
US-Br1,2003,2019,-93.6906,41.9749,/Volumes/work/Reference/Station/Water/Evapotranspiration/Xu_et_al2025/dataset/US-Br1_2003_2019.nc
US-Br3,2003,2019,-93.6936,41.9747,/Volumes/work/Reference/Station/Water/Evapotranspiration/Xu_et_al2025/dataset/US-Br3_2003_2019.nc
US-CF1,2003,2019,-117.0821,46.7815,/Volumes/work/Reference/Station/Water/Evapotranspiration/Xu_et_al2025/dataset/US-CF1_2003_2019.nc
US-CF2,2003,2019,-117.0908,46.784,/Volumes/work/Reference/Station/Water/Evapotranspiration/Xu_et_al2025/dataset/US-CF2_2003_2019.nc
US-CF3,2003,2019,-117.1261,46.7551,/Volumes/work/Reference/Station/Water/Evapotranspiration/Xu_et_al2025/dataset/US-CF3_2003_2019.nc
US-CF4,2003,2019,-117.1285,46.7518,/Volumes/work/Reference/Station/Water/Evapotranspiration/Xu_et_al2025/dataset/US-CF4_2003_2019.nc
US-CMW,2003,2019,-110.1777,31.6637,/Volumes/work/Reference/Station/Water/Evapotranspiration/Xu_et_al2025/dataset/US-CMW_2003_2019.nc
US-CPk,2003,2019,-106.1187,41.068,/Volumes/work/Reference/Station/Water/Evapotranspiration/Xu_et_al2025/dataset/US-CPk_2003_2019.nc
US-CRT,2003,2019,-83.347086,41.628495,/Volumes/work/Reference/Station/Water/Evapotranspiration/Xu_et_al2025/dataset/US-CRT_2003_2019.nc
US-CZ2,2003,2019,-119.2566,37.0311,/Volumes/work/Reference/Station/Water/Evapotranspiration/Xu_et_al2025/dataset/US-CZ2_2003_2019.nc
US-CZ3,2003,2019,-119.1951,37.0674,/Volumes/work/Reference/Station/Water/Evapotranspiration/Xu_et_al2025/dataset/US-CZ3_2003_2019.nc
US-CZ4,2003,2019,-118.9867,37.0675,/Volumes/work/Reference/Station/Water/Evapotranspiration/Xu_et_al2025/dataset/US-CZ4_2003_2019.nc
US-CaV,2003,2019,-79.4208,39.0633,/Volumes/work/Reference/Station/Water/Evapotranspiration/Xu_et_al2025/dataset/US-CaV_2003_2019.nc
US-Ced,2003,2019,-74.3791,39.8379,/Volumes/work/Reference/Station/Water/Evapotranspiration/Xu_et_al2025/dataset/US-Ced_2003_2019.nc
US-ChR,2003,2019,-84.3324,35.9311,/Volumes/work/Reference/Station/Water/Evapotranspiration/Xu_et_al2025/dataset/US-ChR_2003_2019.nc
US-Cop,2003,2019,-109.39,38.09,/Volumes/work/Reference/Station/Water/Evapotranspiration/Xu_et_al2025/dataset/US-Cop_2003_2019.nc
US-Ctn,2003,2019,-101.8466,43.95,/Volumes/work/Reference/Station/Water/Evapotranspiration/Xu_et_al2025/dataset/US-Ctn_2003_2019.nc
US-Cwt,2003,2019,-83.4275,35.0592,/Volumes/work/Reference/Station/Water/Evapotranspiration/Xu_et_al2025/dataset/US-Cwt_2003_2019.nc
US-DFC,2003,2019,-89.7117,43.3448,/Volumes/work/Reference/Station/Water/Evapotranspiration/Xu_et_al2025/dataset/US-DFC_2003_2019.nc
US-DPW,2003,2019,-81.4361,28.0521,/Volumes/work/Reference/Station/Water/Evapotranspiration/Xu_et_al2025/dataset/US-DPW_2003_2019.nc
US-Dia,2003,2019,-121.5296,37.6773,/Volumes/work/Reference/Station/Water/Evapotranspiration/Xu_et_al2025/dataset/US-Dia_2003_2019.nc
US-Dix,2003,2019,-74.4346,39.9712,/Volumes/work/Reference/Station/Water/Evapotranspiration/Xu_et_al2025/dataset/US-Dix_2003_2019.nc
US-Dk1,2003,2019,-79.0934,35.9712,/Volumes/work/Reference/Station/Water/Evapotranspiration/Xu_et_al2025/dataset/US-Dk1_2003_2019.nc
US-Dk2,2003,2019,-79.1004,35.9736,/Volumes/work/Reference/Station/Water/Evapotranspiration/Xu_et_al2025/dataset/US-Dk2_2003_2019.nc
US-Dk3,2003,2019,-79.0942,35.9782,/Volumes/work/Reference/Station/Water/Evapotranspiration/Xu_et_al2025/dataset/US-Dk3_2003_2019.nc
US-EML,2003,2019,-149.2536,63.8784,/Volumes/work/Reference/Station/Water/Evapotranspiration/Xu_et_al2025/dataset/US-EML_2003_2019.nc
US-Elm,2003,2019,-80.7826,25.5519,/Volumes/work/Reference/Station/Water/Evapotranspiration/Xu_et_al2025/dataset/US-Elm_2003_2019.nc
US-Esm,2003,2019,-80.5946,25.4379,/Volumes/work/Reference/Station/Water/Evapotranspiration/Xu_et_al2025/dataset/US-Esm_2003_2019.nc
US-FPe,2003,2019,-105.1019,48.3077,/Volumes/work/Reference/Station/Water/Evapotranspiration/Xu_et_al2025/dataset/US-FPe_2003_2019.nc
US-FR2,2003,2019,-97.9962,29.9495,/Volumes/work/Reference/Station/Water/Evapotranspiration/Xu_et_al2025/dataset/US-FR2_2003_2019.nc
US-FR3,2003,2019,-97.99,29.94,/Volumes/work/Reference/Station/Water/Evapotranspiration/Xu_et_al2025/dataset/US-FR3_2003_2019.nc
US-Fcr,2003,2019,-148.9348,65.3968,/Volumes/work/Reference/Station/Water/Evapotranspiration/Xu_et_al2025/dataset/US-Fcr_2003_2019.nc
US-Fmf,2003,2019,-111.7273,35.1426,/Volumes/work/Reference/Station/Water/Evapotranspiration/Xu_et_al2025/dataset/US-Fmf_2003_2019.nc
US-Fuf,2003,2019,-111.762,35.089,/Volumes/work/Reference/Station/Water/Evapotranspiration/Xu_et_al2025/dataset/US-Fuf_2003_2019.nc
US-Fwf,2003,2019,-111.7718,35.4454,/Volumes/work/Reference/Station/Water/Evapotranspiration/Xu_et_al2025/dataset/US-Fwf_2003_2019.nc
US-GBT,2003,2019,-106.2397,41.36579,/Volumes/work/Reference/Station/Water/Evapotranspiration/Xu_et_al2025/dataset/US-GBT_2003_2019.nc
US-GMF,2003,2019,-73.2333,41.9667,/Volumes/work/Reference/Station/Water/Evapotranspiration/Xu_et_al2025/dataset/US-GMF_2003_2019.nc
US-Goo,2003,2019,-89.8735,34.2547,/Volumes/work/Reference/Station/Water/Evapotranspiration/Xu_et_al2025/dataset/US-Goo_2003_2019.nc
US-HBK,2003,2019,-71.7181,43.9397,/Volumes/work/Reference/Station/Water/Evapotranspiration/Xu_et_al2025/dataset/US-HBK_2003_2019.nc
US-HRA,2003,2019,-91.7517,34.5852,/Volumes/work/Reference/Station/Water/Evapotranspiration/Xu_et_al2025/dataset/US-HRA_2003_2019.nc
US-HRC,2003,2019,-91.7517,34.5888,/Volumes/work/Reference/Station/Water/Evapotranspiration/Xu_et_al2025/dataset/US-HRC_2003_2019.nc
US-Ha1,2003,2019,-72.1715,42.5378,/Volumes/work/Reference/Station/Water/Evapotranspiration/Xu_et_al2025/dataset/US-Ha1_2003_2019.nc
US-Hn2,2003,2019,-119.4641,46.6889,/Volumes/work/Reference/Station/Water/Evapotranspiration/Xu_et_al2025/dataset/US-Hn2_2003_2019.nc
US-Hn3,2003,2019,-119.4614,46.6878,/Volumes/work/Reference/Station/Water/Evapotranspiration/Xu_et_al2025/dataset/US-Hn3_2003_2019.nc
US-Ho2,2003,2019,-68.747,45.2091,/Volumes/work/Reference/Station/Water/Evapotranspiration/Xu_et_al2025/dataset/US-Ho2_2003_2019.nc
US-Ho3,2003,2019,-68.725,45.2072,/Volumes/work/Reference/Station/Water/Evapotranspiration/Xu_et_al2025/dataset/US-Ho3_2003_2019.nc
US-IB1,2003,2019,-88.2227,41.8593,/Volumes/work/Reference/Station/Water/Evapotranspiration/Xu_et_al2025/dataset/US-IB1_2003_2019.nc
US-IB2,2003,2019,-88.24103,41.84062,/Volumes/work/Reference/Station/Water/Evapotranspiration/Xu_et_al2025/dataset/US-IB2_2003_2019.nc
US-ICh,2003,2019,-149.2958,68.6068,/Volumes/work/Reference/Station/Water/Evapotranspiration/Xu_et_al2025/dataset/US-ICh_2003_2019.nc
US-ICs,2003,2019,-149.311,68.6058,/Volumes/work/Reference/Station/Water/Evapotranspiration/Xu_et_al2025/dataset/US-ICs_2003_2019.nc
US-ICt,2003,2019,-149.3041,68.6063,/Volumes/work/Reference/Station/Water/Evapotranspiration/Xu_et_al2025/dataset/US-ICt_2003_2019.nc
US-Ivo,2003,2019,-155.7503,68.4865,/Volumes/work/Reference/Station/Water/Evapotranspiration/Xu_et_al2025/dataset/US-Ivo_2003_2019.nc
US-Jo1,2003,2019,-106.635,32.582,/Volumes/work/Reference/Station/Water/Evapotranspiration/Xu_et_al2025/dataset/US-Jo1_2003_2019.nc
US-Jo2,2003,2019,-106.6032,32.5849,/Volumes/work/Reference/Station/Water/Evapotranspiration/Xu_et_al2025/dataset/US-Jo2_2003_2019.nc
US-KL1,2003,2019,-85.4422,42.4847,/Volumes/work/Reference/Station/Water/Evapotranspiration/Xu_et_al2025/dataset/US-KL1_2003_2019.nc
US-KL2,2003,2019,-85.4467,42.4767,/Volumes/work/Reference/Station/Water/Evapotranspiration/Xu_et_al2025/dataset/US-KL2_2003_2019.nc
US-KL3,2003,2019,-85.4474,42.4736,/Volumes/work/Reference/Station/Water/Evapotranspiration/Xu_et_al2025/dataset/US-KL3_2003_2019.nc
US-KM1,2003,2019,-85.3287,42.4376,/Volumes/work/Reference/Station/Water/Evapotranspiration/Xu_et_al2025/dataset/US-KM1_2003_2019.nc
US-KM2,2003,2019,-85.3104,42.4427,/Volumes/work/Reference/Station/Water/Evapotranspiration/Xu_et_al2025/dataset/US-KM2_2003_2019.nc
US-KM3,2003,2019,-85.3097,42.444,/Volumes/work/Reference/Station/Water/Evapotranspiration/Xu_et_al2025/dataset/US-KM3_2003_2019.nc
US-KM4,2003,2019,-85.3301,42.4423,/Volumes/work/Reference/Station/Water/Evapotranspiration/Xu_et_al2025/dataset/US-KM4_2003_2019.nc
US-KUT,2003,2019,-93.1863,44.995,/Volumes/work/Reference/Station/Water/Evapotranspiration/Xu_et_al2025/dataset/US-KUT_2003_2019.nc
US-LA1,2003,2019,-90.4449,29.5013,/Volumes/work/Reference/Station/Water/Evapotranspiration/Xu_et_al2025/dataset/US-LA1_2003_2019.nc
US-LA2,2003,2019,-90.2869,29.8587,/Volumes/work/Reference/Station/Water/Evapotranspiration/Xu_et_al2025/dataset/US-LA2_2003_2019.nc
US-LL1,2003,2019,-84.5329,31.2792,/Volumes/work/Reference/Station/Water/Evapotranspiration/Xu_et_al2025/dataset/US-LL1_2003_2019.nc
US-LL2,2003,2019,-84.4449,31.201,/Volumes/work/Reference/Station/Water/Evapotranspiration/Xu_et_al2025/dataset/US-LL2_2003_2019.nc
US-LL3,2003,2019,-84.4787,31.2688,/Volumes/work/Reference/Station/Water/Evapotranspiration/Xu_et_al2025/dataset/US-LL3_2003_2019.nc
US-LPH,2003,2019,-72.185,42.5419,/Volumes/work/Reference/Station/Water/Evapotranspiration/Xu_et_al2025/dataset/US-LPH_2003_2019.nc
US-LS1,2003,2019,-110.1403,31.5615,/Volumes/work/Reference/Station/Water/Evapotranspiration/Xu_et_al2025/dataset/US-LS1_2003_2019.nc
US-LS2,2003,2019,-110.1344,31.5659,/Volumes/work/Reference/Station/Water/Evapotranspiration/Xu_et_al2025/dataset/US-LS2_2003_2019.nc
US-Lin,2003,2019,-119.8423,36.3566,/Volumes/work/Reference/Station/Water/Evapotranspiration/Xu_et_al2025/dataset/US-Lin_2003_2019.nc
US-MBP,2003,2019,-93.4893,47.5051,/Volumes/work/Reference/Station/Water/Evapotranspiration/Xu_et_al2025/dataset/US-MBP_2003_2019.nc
US-MC1,2003,2019,-114.1548,48.1873,/Volumes/work/Reference/Station/Water/Evapotranspiration/Xu_et_al2025/dataset/US-MC1_2003_2019.nc
US-MH1,2003,2019,-108.2414,45.9206,/Volumes/work/Reference/Station/Water/Evapotranspiration/Xu_et_al2025/dataset/US-MH1_2003_2019.nc
US-MRM,2003,2019,-74.0435,40.8164,/Volumes/work/Reference/Station/Water/Evapotranspiration/Xu_et_al2025/dataset/US-MRM_2003_2019.nc
US-MRf,2003,2019,-123.5515,44.6465,/Volumes/work/Reference/Station/Water/Evapotranspiration/Xu_et_al2025/dataset/US-MRf_2003_2019.nc
US-MSR,2003,2019,-111.7207,47.4758,/Volumes/work/Reference/Station/Water/Evapotranspiration/Xu_et_al2025/dataset/US-MSR_2003_2019.nc
US-MWA,2003,2019,-84.8539,42.2143,/Volumes/work/Reference/Station/Water/Evapotranspiration/Xu_et_al2025/dataset/US-MWA_2003_2019.nc
US-MWF,2003,2019,-85.3526,42.366,/Volumes/work/Reference/Station/Water/Evapotranspiration/Xu_et_al2025/dataset/US-MWF_2003_2019.nc
US-Me2,2003,2019,-121.5574,44.4523,/Volumes/work/Reference/Station/Water/Evapotranspiration/Xu_et_al2025/dataset/US-Me2_2003_2019.nc
US-Me3,2003,2019,-121.6078,44.3154,/Volumes/work/Reference/Station/Water/Evapotranspiration/Xu_et_al2025/dataset/US-Me3_2003_2019.nc
US-Me6,2003,2019,-121.6078,44.3232842,/Volumes/work/Reference/Station/Water/Evapotranspiration/Xu_et_al2025/dataset/US-Me6_2003_2019.nc
US-Mj1,2003,2019,-109.6137,46.9948,/Volumes/work/Reference/Station/Water/Evapotranspiration/Xu_et_al2025/dataset/US-Mj1_2003_2019.nc
US-Mj2,2003,2019,-109.6295,46.9957,/Volumes/work/Reference/Station/Water/Evapotranspiration/Xu_et_al2025/dataset/US-Mj2_2003_2019.nc
US-Mpj,2003,2019,-106.2377,34.43845,/Volumes/work/Reference/Station/Water/Evapotranspiration/Xu_et_al2025/dataset/US-Mpj_2003_2019.nc
US-MtB,2003,2019,-110.72555,32.41635,/Volumes/work/Reference/Station/Water/Evapotranspiration/Xu_et_al2025/dataset/US-MtB_2003_2019.nc
US-Myb,2003,2019,-121.765093333333,37.0499886666667,/Volumes/work/Reference/Station/Water/Evapotranspiration/Xu_et_al2025/dataset/US-Myb_2003_2019.nc
US-NGC,2003,2019,-163.7008,64.8614,/Volumes/work/Reference/Station/Water/Evapotranspiration/Xu_et_al2025/dataset/US-NGC_2003_2019.nc
US-ONA,2003,2019,-81.9509,27.3836,/Volumes/work/Reference/Station/Water/Evapotranspiration/Xu_et_al2025/dataset/US-ONA_2003_2019.nc
US-ORv,2003,2019,-83.0183,40.0201,/Volumes/work/Reference/Station/Water/Evapotranspiration/Xu_et_al2025/dataset/US-ORv_2003_2019.nc
US-OWC,2003,2019,-82.5125,41.3795,/Volumes/work/Reference/Station/Water/Evapotranspiration/Xu_et_al2025/dataset/US-OWC_2003_2019.nc
US-Oho,2003,2019,-83.8438,41.5545,/Volumes/work/Reference/Station/Water/Evapotranspiration/Xu_et_al2025/dataset/US-Oho_2003_2019.nc
US-PFa,2003,2019,-90.2723,45.9459,/Volumes/work/Reference/Station/Water/Evapotranspiration/Xu_et_al2025/dataset/US-PFa_2003_2019.nc
US-PHM,2003,2019,-70.8301,42.7423,/Volumes/work/Reference/Station/Water/Evapotranspiration/Xu_et_al2025/dataset/US-PHM_2003_2019.nc
US-PSH,2003,2019,-119.9247,36.2347,/Volumes/work/Reference/Station/Water/Evapotranspiration/Xu_et_al2025/dataset/US-PSH_2003_2019.nc
US-PSL,2003,2019,-120.1397,36.8276,/Volumes/work/Reference/Station/Water/Evapotranspiration/Xu_et_al2025/dataset/US-PSL_2003_2019.nc
US-Rls,2003,2019,-116.7356,43.1439,/Volumes/work/Reference/Station/Water/Evapotranspiration/Xu_et_al2025/dataset/US-Rls_2003_2019.nc
US-Rms,2003,2019,-116.7486,43.0645,/Volumes/work/Reference/Station/Water/Evapotranspiration/Xu_et_al2025/dataset/US-Rms_2003_2019.nc
US-Ro1,2003,2019,-93.0898,44.7143,/Volumes/work/Reference/Station/Water/Evapotranspiration/Xu_et_al2025/dataset/US-Ro1_2003_2019.nc
US-Ro2,2003,2019,-93.0888,44.7288,/Volumes/work/Reference/Station/Water/Evapotranspiration/Xu_et_al2025/dataset/US-Ro2_2003_2019.nc
US-Ro3,2003,2019,-93.0893,44.7217,/Volumes/work/Reference/Station/Water/Evapotranspiration/Xu_et_al2025/dataset/US-Ro3_2003_2019.nc
US-Ro4,2003,2019,-93.0723,44.6781,/Volumes/work/Reference/Station/Water/Evapotranspiration/Xu_et_al2025/dataset/US-Ro4_2003_2019.nc
US-Ro5,2003,2019,-93.0576,44.691,/Volumes/work/Reference/Station/Water/Evapotranspiration/Xu_et_al2025/dataset/US-Ro5_2003_2019.nc
US-Ro6,2003,2019,-93.0578,44.6946,/Volumes/work/Reference/Station/Water/Evapotranspiration/Xu_et_al2025/dataset/US-Ro6_2003_2019.nc
US-Rpf,2003,2019,-147.429,65.1198,/Volumes/work/Reference/Station/Water/Evapotranspiration/Xu_et_al2025/dataset/US-Rpf_2003_2019.nc
US-Rwe,2003,2019,-116.7591,43.0653,/Volumes/work/Reference/Station/Water/Evapotranspiration/Xu_et_al2025/dataset/US-Rwe_2003_2019.nc
US-Rwf,2003,2019,-116.7231,43.1207,/Volumes/work/Reference/Station/Water/Evapotranspiration/Xu_et_al2025/dataset/US-Rwf_2003_2019.nc
US-Rws,2003,2019,-116.7132,43.1675,/Volumes/work/Reference/Station/Water/Evapotranspiration/Xu_et_al2025/dataset/US-Rws_2003_2019.nc
US-SCd,2003,2019,-116.3721,33.6518,/Volumes/work/Reference/Station/Water/Evapotranspiration/Xu_et_al2025/dataset/US-SCd_2003_2019.nc
US-SCf,2003,2019,-116.7717,33.8079,/Volumes/work/Reference/Station/Water/Evapotranspiration/Xu_et_al2025/dataset/US-SCf_2003_2019.nc
US-SCg,2003,2019,-117.6946,33.7365,/Volumes/work/Reference/Station/Water/Evapotranspiration/Xu_et_al2025/dataset/US-SCg_2003_2019.nc
US-SCs,2003,2019,-117.6959,33.7343,/Volumes/work/Reference/Station/Water/Evapotranspiration/Xu_et_al2025/dataset/US-SCs_2003_2019.nc
US-SCw,2003,2019,-116.4527,33.6047,/Volumes/work/Reference/Station/Water/Evapotranspiration/Xu_et_al2025/dataset/US-SCw_2003_2019.nc
US-SFP,2003,2019,-96.902,43.2408,/Volumes/work/Reference/Station/Water/Evapotranspiration/Xu_et_al2025/dataset/US-SFP_2003_2019.nc
US-SO2,2003,2019,-116.6228,33.3738,/Volumes/work/Reference/Station/Water/Evapotranspiration/Xu_et_al2025/dataset/US-SO2_2003_2019.nc
US-SO3,2003,2019,-116.6226,33.3771,/Volumes/work/Reference/Station/Water/Evapotranspiration/Xu_et_al2025/dataset/US-SO3_2003_2019.nc
US-SO4,2003,2019,-116.6406,33.3845,/Volumes/work/Reference/Station/Water/Evapotranspiration/Xu_et_al2025/dataset/US-SO4_2003_2019.nc
US-SP1,2003,2019,-82.2188,29.7381,/Volumes/work/Reference/Station/Water/Evapotranspiration/Xu_et_al2025/dataset/US-SP1_2003_2019.nc
US-SP2,2003,2019,-82.2448,29.7648,/Volumes/work/Reference/Station/Water/Evapotranspiration/Xu_et_al2025/dataset/US-SP2_2003_2019.nc
US-SP3,2003,2019,-82.1633,29.7548,/Volumes/work/Reference/Station/Water/Evapotranspiration/Xu_et_al2025/dataset/US-SP3_2003_2019.nc
US-SRC,2003,2019,-110.8395,31.9083,/Volumes/work/Reference/Station/Water/Evapotranspiration/Xu_et_al2025/dataset/US-SRC_2003_2019.nc
US-SRG,2003,2019,-110.827675,31.789379,/Volumes/work/Reference/Station/Water/Evapotranspiration/Xu_et_al2025/dataset/US-SRG_2003_2019.nc
US-SRM,2003,2019,-110.8661,31.8214,/Volumes/work/Reference/Station/Water/Evapotranspiration/Xu_et_al2025/dataset/US-SRM_2003_2019.nc
US-SRS,2003,2019,-110.8508,31.8173,/Volumes/work/Reference/Station/Water/Evapotranspiration/Xu_et_al2025/dataset/US-SRS_2003_2019.nc
US-SdH,2003,2019,-101.4072,42.0693,/Volumes/work/Reference/Station/Water/Evapotranspiration/Xu_et_al2025/dataset/US-SdH_2003_2019.nc
US-Seg,2003,2019,-106.70195,34.3623,/Volumes/work/Reference/Station/Water/Evapotranspiration/Xu_et_al2025/dataset/US-Seg_2003_2019.nc
US-Ses,2003,2019,-106.7442,34.3349,/Volumes/work/Reference/Station/Water/Evapotranspiration/Xu_et_al2025/dataset/US-Ses_2003_2019.nc
US-Skr,2003,2019,-81.0776,25.3629,/Volumes/work/Reference/Station/Water/Evapotranspiration/Xu_et_al2025/dataset/US-Skr_2003_2019.nc
US-Slt,2003,2019,-74.596,39.9138,/Volumes/work/Reference/Station/Water/Evapotranspiration/Xu_et_al2025/dataset/US-Slt_2003_2019.nc
US-Snd,2003,2019,-121.754,38.0366,/Volumes/work/Reference/Station/Water/Evapotranspiration/Xu_et_al2025/dataset/US-Snd_2003_2019.nc
US-Sne,2003,2019,-121.7547,38.0369,/Volumes/work/Reference/Station/Water/Evapotranspiration/Xu_et_al2025/dataset/US-Sne_2003_2019.nc
US-Snf,2003,2019,-121.7272,38.0402,/Volumes/work/Reference/Station/Water/Evapotranspiration/Xu_et_al2025/dataset/US-Snf_2003_2019.nc
US-Srr,2003,2019,-122.0264,38.2006,/Volumes/work/Reference/Station/Water/Evapotranspiration/Xu_et_al2025/dataset/US-Srr_2003_2019.nc
US-Sta,2003,2019,-106.8024,41.3966,/Volumes/work/Reference/Station/Water/Evapotranspiration/Xu_et_al2025/dataset/US-Sta_2003_2019.nc
US-Tw1,2003,2019,-121.6469,38.1074,/Volumes/work/Reference/Station/Water/Evapotranspiration/Xu_et_al2025/dataset/US-Tw1_2003_2019.nc
US-Tw3,2003,2019,-121.6467,38.1159,/Volumes/work/Reference/Station/Water/Evapotranspiration/Xu_et_al2025/dataset/US-Tw3_2003_2019.nc
US-Tw4,2003,2019,-121.6414,38.10298,/Volumes/work/Reference/Station/Water/Evapotranspiration/Xu_et_al2025/dataset/US-Tw4_2003_2019.nc
US-Tw5,2003,2019,-121.6426,38.1072,/Volumes/work/Reference/Station/Water/Evapotranspiration/Xu_et_al2025/dataset/US-Tw5_2003_2019.nc
US-Twt,2003,2019,-121.652766666667,38.1076579333333,/Volumes/work/Reference/Station/Water/Evapotranspiration/Xu_et_al2025/dataset/US-Twt_2003_2019.nc
US-UMB,2003,2019,-84.7138,45.5598,/Volumes/work/Reference/Station/Water/Evapotranspiration/Xu_et_al2025/dataset/US-UMB_2003_2019.nc
US-UMd,2003,2019,-84.6975,45.5625,/Volumes/work/Reference/Station/Water/Evapotranspiration/Xu_et_al2025/dataset/US-UMd_2003_2019.nc
US-Uaf,2003,2019,-147.85553,64.86627,/Volumes/work/Reference/Station/Water/Evapotranspiration/Xu_et_al2025/dataset/US-Uaf_2003_2019.nc
US-Var,2003,2019,-120.9507,38.4133,/Volumes/work/Reference/Station/Water/Evapotranspiration/Xu_et_al2025/dataset/US-Var_2003_2019.nc
US-WCr,2003,2019,-90.0799,45.8059,/Volumes/work/Reference/Station/Water/Evapotranspiration/Xu_et_al2025/dataset/US-WCr_2003_2019.nc
US-WPT,2003,2019,-82.996157,41.464639,/Volumes/work/Reference/Station/Water/Evapotranspiration/Xu_et_al2025/dataset/US-WPT_2003_2019.nc
US-Whs,2003,2019,-110.0522,31.7438,/Volumes/work/Reference/Station/Water/Evapotranspiration/Xu_et_al2025/dataset/US-Whs_2003_2019.nc
US-Wi2,2003,2019,-91.152833,46.686889,/Volumes/work/Reference/Station/Water/Evapotranspiration/Xu_et_al2025/dataset/US-Wi2_2003_2019.nc
US-Wi3,2003,2019,-91.098667,46.634722,/Volumes/work/Reference/Station/Water/Evapotranspiration/Xu_et_al2025/dataset/US-Wi3_2003_2019.nc
US-Wi4,2003,2019,-91.16625,46.739333,/Volumes/work/Reference/Station/Water/Evapotranspiration/Xu_et_al2025/dataset/US-Wi4_2003_2019.nc
US-Wi5,2003,2019,-91.085806,46.653083,/Volumes/work/Reference/Station/Water/Evapotranspiration/Xu_et_al2025/dataset/US-Wi5_2003_2019.nc
US-Wi7,2003,2019,-91.069278,46.649111,/Volumes/work/Reference/Station/Water/Evapotranspiration/Xu_et_al2025/dataset/US-Wi7_2003_2019.nc
US-Wi9,2003,2019,-91.081444,46.618778,/Volumes/work/Reference/Station/Water/Evapotranspiration/Xu_et_al2025/dataset/US-Wi9_2003_2019.nc
US-Wkg,2003,2019,-109.9419,31.7365,/Volumes/work/Reference/Station/Water/Evapotranspiration/Xu_et_al2025/dataset/US-Wkg_2003_2019.nc
